distance_px,intensity_green,trend,envelope
-0.000,217.575809,212.596100,4.975474
1.000,217.000000,212.595044,4.972563
2.000,217.000000,212.592932,4.966747
3.000,217.000000,212.589765,4.958040
4.000,217.000000,212.585545,4.946462
5.000,217.000000,212.580275,4.932039
6.000,217.000000,212.573957,4.914806
7.000,217.000000,212.566595,4.894800
8.000,217.000000,212.558193,4.872069
9.000,217.000000,212.548755,4.846662
10.000,217.000000,212.538287,4.818638
11.000,217.008797,212.526794,4.788060
12.000,217.347798,212.514283,4.754994
13.000,217.531080,212.500759,4.719516
14.000,218.000000,212.486232,4.681702
15.000,218.000000,212.470708,4.641637
16.000,218.000000,212.454196,4.599406
17.000,218.000000,212.436704,4.555101
18.000,217.055831,212.418241,4.508817
19.000,216.594349,212.398818,4.460651
20.000,216.736984,212.378444,4.410705
21.000,216.910632,212.357130,4.359081
22.000,215.307653,212.334889,4.305886
23.000,215.033993,212.311731,4.251226
24.000,215.000000,212.287668,4.195211
25.000,214.162177,212.262714,4.137953
26.000,214.000000,212.236882,4.079561
27.000,214.000000,212.210185,4.020150
28.000,214.000000,212.182637,3.959831
29.000,214.000000,212.154253,3.898716
30.000,213.598853,212.125047,3.836916
31.000,213.647114,212.095035,3.774543
32.000,213.820762,212.064232,3.711705
33.000,213.994410,212.032654,3.648509
34.000,212.833463,212.000317,3.585063
35.000,212.683413,211.967237,3.521469
36.000,212.685057,211.933431,3.457830
37.000,212.237350,211.898916,3.394245
38.000,212.087948,211.863708,3.330810
39.000,212.000000,211.827826,3.267618
40.000,212.000000,211.791285,3.204758
41.000,212.000000,211.754105,3.142319
42.000,212.000000,211.716303,3.080382
43.000,212.000000,211.677897,3.019027
44.000,212.000000,211.638905,2.958329
45.000,212.000000,211.599346,2.898360
46.000,212.000000,211.559238,2.839187
47.000,212.000000,211.518600,2.780873
48.000,212.000000,211.477450,2.723478
49.000,212.000000,211.435808,2.667057
50.000,211.541983,211.393691,2.611660
51.000,211.000000,211.351120,2.557335
52.000,211.000000,211.308112,2.504123
53.000,211.000000,211.264688,2.452063
54.000,210.602752,211.220865,2.401189
55.000,210.000000,211.176665,2.351530
56.000,210.000000,211.132105,2.303113
57.000,210.000000,211.087205,2.255958
58.000,210.000000,211.041984,2.210085
59.000,210.000000,210.996461,2.165508
60.000,210.000000,210.950656,2.122237
61.000,210.000000,210.904587,2.080281
62.000,210.000000,210.858273,2.039643
63.000,209.792590,210.811735,2.000324
64.000,209.377504,210.764990,1.962323
65.000,209.424313,210.718057,1.925634
66.000,209.000000,210.670956,1.890251
67.000,209.000000,210.623705,1.856164
68.000,209.000000,210.576323,1.823360
69.000,209.000000,210.528826,1.791825
70.000,209.000000,210.481235,1.761543
71.000,209.000000,210.433565,1.732497
72.000,209.000000,210.385835,1.704665
73.000,209.000000,210.338063,1.678028
74.000,209.000000,210.290265,1.652562
75.000,209.000000,210.242459,1.628246
76.000,209.000000,210.194662,1.605055
77.000,209.000000,210.146892,1.582963
78.000,209.000000,210.099165,1.561945
79.000,209.000000,210.051497,1.541976
80.000,209.000000,210.003906,1.523029
81.000,209.000000,209.956408,1.505077
82.000,209.000000,209.909018,1.488095
83.000,209.000000,209.861752,1.472057
84.000,209.000000,209.814626,1.456936
85.000,209.000000,209.767655,1.442707
86.000,209.000000,209.720854,1.429344
87.000,208.104096,209.674238,1.416824
88.000,208.000000,209.627822,1.405123
89.000,208.000000,209.581619,1.394218
90.000,208.000000,209.535643,1.384086
91.000,208.000000,209.489909,1.374706
92.000,208.000000,209.444430,1.366057
93.000,208.000000,209.399219,1.358120
94.000,208.000000,209.354289,1.350877
95.000,208.000000,209.309653,1.344309
96.000,208.000000,209.265325,1.338401
97.000,208.000000,209.221316,1.333138
98.000,208.000000,209.177639,1.328504
99.000,208.000000,209.134305,1.324488
100.000,208.000000,209.091327,1.321078
101.000,208.000000,209.048717,1.318261
102.000,207.331980,209.006484,1.316029
103.000,207.555046,208.964641,1.314372
104.000,207.676569,208.923197,1.313283
105.000,207.502921,208.882165,1.312755
106.000,207.736573,208.841553,1.312782
107.000,208.000000,208.801373,1.313358
108.000,207.981976,208.761634,1.314481
109.000,207.808328,208.722346,1.316145
110.000,207.634680,208.683519,1.318350
111.000,208.278670,208.645162,1.321091
112.000,209.000000,208.607285,1.324367
113.000,209.000000,208.569896,1.328178
114.000,208.969188,208.533005,1.332521
115.000,209.000000,208.496620,1.337398
116.000,209.000000,208.460749,1.342806
117.000,209.000000,208.425401,1.348748
118.000,209.000000,208.390582,1.355221
119.000,208.590248,208.356302,1.362228
120.000,208.000000,208.322567,1.369767
121.000,208.000000,208.289384,1.377839
122.000,208.000000,208.256761,1.386445
123.000,207.782672,208.224704,1.395583
124.000,207.135644,208.193221,1.405252
125.000,207.000000,208.162316,1.415453
126.000,207.000000,208.131998,1.426183
127.000,207.000000,208.102271,1.437441
128.000,207.000000,208.073143,1.449223
129.000,207.000000,208.044618,1.461527
130.000,207.000000,208.016703,1.474347
131.000,207.000000,207.989405,1.487681
132.000,207.000000,207.962727,1.501519
133.000,207.000000,207.936677,1.515859
134.000,207.000000,207.911260,1.530690
135.000,207.000000,207.886481,1.546006
136.000,207.000000,207.862345,1.561794
137.000,207.000000,207.838857,1.578050
138.000,207.000000,207.816022,1.594752
139.000,207.000000,207.793846,1.611899
140.000,207.000000,207.772333,1.629449
141.000,207.000000,207.751487,1.647422
142.000,207.000000,207.731315,1.665834
143.000,207.000000,207.711819,1.684637
144.000,207.008066,207.693005,1.703823
145.000,207.443006,207.674877,1.723365
146.000,207.616654,207.657439,1.743251
147.000,207.012353,207.640696,1.763456
148.000,206.065761,207.624652,1.783966
149.000,206.000000,207.609311,1.804756
150.000,206.000000,207.594676,1.825811
151.000,206.000000,207.580753,1.847106
152.000,206.000000,207.567544,1.868624
153.000,206.000000,207.555054,1.890342
154.000,206.000000,207.543286,1.912239
155.000,206.000000,207.532246,1.934294
156.000,206.000000,207.521936,1.956486
157.000,206.000000,207.512360,1.978793
158.000,206.000000,207.503523,2.001195
159.000,206.000000,207.495428,2.023670
160.000,206.000000,207.488079,2.046199
161.000,206.000000,207.481479,2.068761
162.000,206.000000,207.475632,2.091337
163.000,206.000000,207.470541,2.113908
164.000,206.000000,207.466209,2.136456
165.000,206.000000,207.462641,2.158963
166.000,206.000000,207.459839,2.181412
167.000,206.000000,207.457806,2.203788
168.000,204.960029,207.456545,2.226076
169.000,204.610562,207.456060,2.248262
170.000,204.286278,207.456352,2.270333
171.000,204.000000,207.457425,2.292279
172.000,204.000000,207.459282,2.314090
173.000,204.000000,207.461924,2.335757
174.000,204.000000,207.465355,2.357274
175.000,204.000000,207.469577,2.378637
176.000,204.000000,207.474594,2.399841
177.000,204.000000,207.480408,2.420887
178.000,204.000000,207.487022,2.441773
179.000,204.000000,207.494439,2.462502
180.000,204.000000,207.502661,2.483079
181.000,204.000000,207.511693,2.503508
182.000,204.000000,207.521535,2.523798
183.000,204.000000,207.532191,2.543957
184.000,204.090905,207.543662,2.563997
185.000,204.637676,207.555951,2.583930
186.000,205.000000,207.569060,2.603771
187.000,205.000000,207.582991,2.623535
188.000,205.000000,207.597746,2.643240
189.000,205.000000,207.613326,2.662907
190.000,205.000000,207.629734,2.682554
191.000,205.000000,207.646971,2.702205
192.000,205.300718,207.665039,2.721883
193.000,206.000000,207.683939,2.741614
194.000,206.000000,207.703674,2.761422
195.000,206.000000,207.724244,2.781336
196.000,206.239949,207.745650,2.801384
197.000,207.000000,207.767895,2.821594
198.000,207.000000,207.790978,2.841997
199.000,207.000000,207.814901,2.862621
200.000,207.179180,207.839664,2.883499
201.000,208.163988,207.865267,2.904660
202.000,209.000000,207.891710,2.926136
203.000,209.068752,207.918992,2.947957
204.000,209.606752,207.947115,2.970154
205.000,209.000000,207.976076,2.992757
206.000,209.035545,208.005876,3.015797
207.000,209.266791,208.036513,3.039302
208.000,210.022068,208.067988,3.063301
209.000,210.532867,208.100298,3.087822
210.000,210.000000,208.133444,3.112891
211.000,210.000000,208.167423,3.138533
212.000,210.000242,208.202233,3.164773
213.000,210.000000,208.237873,3.191631
214.000,210.000000,208.274341,3.219128
215.000,210.000000,208.311633,3.247283
216.000,210.000000,208.349745,3.276112
217.000,209.079088,208.388676,3.305629
218.000,209.119323,208.428420,3.335845
219.000,209.292971,208.468974,3.366770
220.000,209.058171,208.510333,3.398412
221.000,208.449278,208.552493,3.430774
222.000,208.028852,208.595449,3.463859
223.000,207.180561,208.639195,3.497664
224.000,207.844460,208.683727,3.532188
225.000,208.000000,208.729037,3.567422
226.000,208.000000,208.775120,3.603358
227.000,208.000000,208.821969,3.639982
228.000,208.000000,208.869577,3.677280
229.000,207.978246,208.917936,3.715233
230.000,207.796899,208.967040,3.753821
231.000,207.181852,209.016879,3.793022
232.000,207.000000,209.067444,3.832809
233.000,207.000000,209.118727,3.873153
234.000,207.000000,209.170717,3.914024
235.000,207.000000,209.223405,3.955388
236.000,207.000000,209.276779,3.997208
237.000,207.000000,209.330828,4.039447
238.000,207.000000,209.385541,4.082063
239.000,206.862678,209.440905,4.125014
240.000,206.402621,209.496906,4.168255
241.000,206.050241,209.553533,4.211741
242.000,206.000000,209.610770,4.255423
243.000,206.000000,209.668603,4.299252
244.000,206.000000,209.727017,4.343178
245.000,206.000000,209.785997,4.387150
246.000,206.000000,209.845526,4.431116
247.000,206.000000,209.905588,4.475024
248.000,205.852070,209.966165,4.518821
249.000,205.281254,210.027240,4.562454
250.000,205.000000,210.088793,4.605870
251.000,205.404375,210.150806,4.649018
252.000,206.000000,210.213260,4.691845
253.000,206.000000,210.276134,4.734300
254.000,206.000000,210.339408,4.776334
255.000,206.000000,210.403062,4.817898
256.000,206.000000,210.467073,4.858947
257.000,205.720731,210.531420,4.899433
258.000,205.000000,210.596080,4.939316
259.000,205.215268,210.661030,4.978555
260.000,205.587453,210.726247,5.017110
261.000,205.413805,210.791707,5.054947
262.000,205.240157,210.857386,5.092033
263.000,205.066509,210.923257,5.128338
264.000,205.107139,210.989296,5.163837
265.000,205.226965,211.055477,5.198509
266.000,205.192575,211.121772,5.232333
267.000,205.785152,211.188155,5.265297
268.000,206.057937,211.254598,5.297389
269.000,206.042794,211.321074,5.328602
270.000,206.115723,211.387552,5.358934
271.000,207.100530,211.454006,5.388386
272.000,208.000000,211.520404,5.416965
273.000,208.070146,211.586717,5.444679
274.000,209.000000,211.652915,5.471543
275.000,209.079523,211.718967,5.497576
276.000,211.000000,211.784843,5.522800
277.000,211.015335,211.850510,5.547243
278.000,212.453286,211.915937,5.570936
279.000,212.985046,211.981092,5.593916
280.000,213.000000,212.045942,5.616222
281.000,213.000000,212.110455,5.637900
282.000,213.933416,212.174597,5.658997
283.000,214.000000,212.238336,5.679567
284.000,214.903031,212.301636,5.699666
285.000,215.000000,212.364466,5.719354
286.000,215.872647,212.426792,5.738695
287.000,216.770811,212.488579,5.757755
288.000,216.956670,212.549795,5.776603
289.000,217.000000,212.610404,5.795313
290.000,217.000000,212.670375,5.813960
291.000,217.000000,212.729672,5.832621
292.000,217.024001,212.788261,5.851376
293.000,217.000000,212.846109,5.870307
294.000,217.000000,212.903181,5.889495
295.000,217.000000,212.959444,5.909026
296.000,217.000000,213.014862,5.928983
297.000,216.885372,213.069402,5.949452
298.000,217.000000,213.123030,5.970518
299.000,217.000000,213.175712,5.992268
300.000,216.340045,213.227415,6.014786
301.000,216.000000,213.278106,6.038158
302.000,216.000000,213.327752,6.062468
303.000,216.000000,213.376321,6.087797
304.000,216.620456,213.423780,6.114228
305.000,217.000000,213.470099,6.141838
306.000,216.886652,213.515246,6.170705
307.000,217.383853,213.559192,6.200902
308.000,218.150212,213.601906,6.232501
309.000,218.842614,213.643359,6.265570
310.000,219.141670,213.683522,6.300173
311.000,218.775763,213.722368,6.336371
312.000,218.442252,213.759870,6.374221
313.000,218.331073,213.795999,6.413776
314.000,217.552736,213.830730,6.455084
315.000,216.583830,213.864037,6.498190
316.000,216.079797,213.895895,6.543131
317.000,216.000000,213.926282,6.589944
318.000,216.000000,213.955172,6.638657
319.000,216.000000,213.982546,6.689294
320.000,215.643890,214.008382,6.741874
321.000,215.000000,214.032660,6.796411
322.000,215.000000,214.055362,6.852913
323.000,215.109426,214.076469,6.911383
324.000,215.666013,214.095966,6.971818
325.000,216.000000,214.113837,7.034209
326.000,216.000000,214.130067,7.098545
327.000,215.953026,214.144645,7.164804
328.000,215.831129,214.157557,7.232962
329.000,216.000000,214.168793,7.302990
330.000,216.000000,214.178344,7.374853
331.000,216.048843,214.186200,7.448510
332.000,216.084785,214.192355,7.523916
333.000,215.911137,214.196803,7.601021
334.000,215.880907,214.199539,7.679771
335.000,216.563840,214.200560,7.760107
336.000,216.390192,214.199865,7.841967
337.000,216.216544,214.197453,7.925284
338.000,216.125546,214.193325,8.009987
339.000,216.869247,214.187484,8.096003
340.000,216.695599,214.179933,8.183256
341.000,216.539674,214.170678,8.271666
342.000,217.021881,214.159727,8.361152
343.000,218.000000,214.147087,8.451630
344.000,218.000000,214.132769,8.543015
345.000,217.827358,214.116784,8.635218
346.000,217.653710,214.099147,8.728153
347.000,218.917801,214.079871,8.821728
348.000,219.000000,214.058973,8.915855
349.000,219.000000,214.036470,9.010443
350.000,219.900343,214.012384,9.105403
351.000,220.885151,213.986733,9.200645
352.000,221.869958,213.959541,9.296081
353.000,222.000000,213.930831,9.391623
354.000,222.617486,213.900629,9.487184
355.000,224.557887,213.868962,9.582681
356.000,225.809189,213.835858,9.678031
357.000,226.997594,213.801346,9.773153
358.000,227.430068,213.765458,9.867970
359.000,228.669936,213.728227,9.962406
360.000,229.000000,213.689686,10.056389
361.000,229.035919,213.649872,10.149851
362.000,229.000000,213.608821,10.242725
363.000,229.702844,213.566571,10.334950
364.000,230.363110,213.523162,10.426467
365.000,230.788538,213.478635,10.517222
366.000,230.342733,213.433032,10.607164
367.000,228.073776,213.386398,10.696246
368.000,226.040018,213.338777,10.784425
369.000,224.512415,213.290215,10.871663
370.000,224.289990,213.240758,10.957924
371.000,224.312506,213.190456,11.043178
372.000,224.138858,213.139357,11.127397
373.000,223.429912,213.087510,11.210560
374.000,222.367499,213.034968,11.292647
375.000,221.801110,212.981781,11.373645
376.000,221.219758,212.928002,11.453543
377.000,220.509848,212.873683,11.532334
378.000,219.571096,212.818879,11.610015
379.000,219.000000,212.763645,11.686586
380.000,218.888710,212.708035,11.762051
381.000,218.328689,212.652105,11.836416
382.000,217.585809,212.595913,11.909691
383.000,216.601001,212.539515,11.981888
384.000,215.978860,212.482968,12.053024
385.000,215.306478,212.426332,12.123116
386.000,214.542363,212.369663,12.192184
387.000,214.661770,212.313021,12.260250
388.000,214.000000,212.256464,12.327338
389.000,213.634637,212.200050,12.393475
390.000,212.698017,212.143839,12.458686
391.000,211.678018,212.087887,12.523001
392.000,210.403625,212.032254,12.586447
393.000,209.370624,211.976997,12.649055
394.000,209.231884,211.922175,12.710853
395.000,209.968591,211.867844,12.771872
396.000,209.804283,211.814062,12.832140
397.000,209.164648,211.760885,12.891686
398.000,209.000000,211.708370,12.950539
399.000,209.000000,211.656573,13.008725
400.000,209.000000,211.605549,13.066272
401.000,208.874462,211.555351,13.123204
402.000,208.070588,211.506034,13.179546
403.000,208.244236,211.457649,13.235319
404.000,208.417884,211.410250,13.290545
405.000,208.629845,211.363886,13.345241
406.000,209.454490,211.318607,13.399424
407.000,208.030178,211.274463,13.453110
408.000,208.853455,211.231501,13.506309
409.000,207.288981,211.189767,13.559033
410.000,207.993954,211.149307,13.611289
411.000,207.026384,211.110164,13.663083
412.000,205.856667,211.072379,13.714417
413.000,205.037486,211.035994,13.765293
414.000,202.215883,211.001047,13.815707
415.000,202.912847,210.967576,13.865655
416.000,200.307036,210.935616,13.915130
417.000,200.882462,210.905203,13.964121
418.000,198.398190,210.876368,14.012615
419.000,198.855422,210.849143,14.060596
420.000,199.000000,210.823557,14.108047
421.000,199.000000,210.799637,14.154948
422.000,199.000000,210.777408,14.201274
423.000,198.208691,210.756894,14.247003
424.000,198.000000,210.738117,14.292106
425.000,197.935504,210.721097,14.336555
426.000,197.761856,210.705852,14.380320
427.000,197.588208,210.692397,14.423369
428.000,196.402658,210.680746,14.465669
429.000,196.000000,210.670911,14.507186
430.000,196.684963,210.662901,14.547883
431.000,196.295098,210.656724,14.587725
432.000,195.345421,210.652385,14.626674
433.000,195.000000,210.649887,14.664693
434.000,194.375806,210.649232,14.701745
435.000,194.609002,210.650419,14.737790
436.000,195.000000,210.653445,14.772792
437.000,195.000000,210.658305,14.806713
438.000,195.382046,210.664992,14.839517
439.000,195.504430,210.673497,14.871167
440.000,195.687502,210.683809,14.901629
441.000,196.081371,210.695914,14.930869
442.000,196.494355,210.709798,14.958855
443.000,196.415071,210.725442,14.985556
444.000,195.527728,210.742829,15.010943
445.000,195.000000,210.761936,15.034989
446.000,195.000000,210.782740,15.057670
447.000,195.000000,210.805217,15.078964
448.000,194.941596,210.829340,15.098852
449.000,194.859913,210.855080,15.117317
450.000,195.226498,210.882406,15.134346
451.000,195.420652,210.911287,15.149928
452.000,195.948471,210.941688,15.164057
453.000,197.384283,210.973574,15.176727
454.000,198.640698,211.006909,15.187940
455.000,200.000000,211.041652,15.197698
456.000,200.000000,211.077766,15.206008
457.000,200.000000,211.115207,15.212880
458.000,200.259580,211.153933,15.218330
459.000,201.244388,211.193900,15.222376
460.000,201.967412,211.235063,15.225039
461.000,201.898173,211.277375,15.226347
462.000,202.709333,211.320787,15.226329
463.000,203.336873,211.365252,15.225020
464.000,203.163225,211.410719,15.222459
465.000,202.989577,211.457138,15.218688
466.000,202.979381,211.504458,15.213753
467.000,204.078904,211.552625,15.207704
468.000,204.633496,211.601589,15.200595
469.000,206.027276,211.651295,15.192482
470.000,206.266507,211.701689,15.183425
471.000,208.009769,211.752719,15.173487
472.000,208.857222,211.804329,15.162735
473.000,210.232480,211.856463,15.151236
474.000,210.905418,211.909068,15.139062
475.000,214.001312,211.962088,15.126288
476.000,214.986120,212.015467,15.112988
477.000,215.970928,212.069150,15.099241
478.000,217.211728,212.123082,15.085127
479.000,219.847879,212.177208,15.070726
480.000,220.000000,212.231474,15.056121
481.000,220.192231,212.285825,15.041397
482.000,220.932524,212.340207,15.026637
483.000,222.759548,212.394566,15.011925
484.000,223.000000,212.448851,14.997348
485.000,223.410583,212.503008,14.982989
486.000,224.491232,212.556986,14.968933
487.000,224.830683,212.610734,14.955262
488.000,225.004331,212.664202,14.942059
489.000,225.037621,212.717342,14.929405
490.000,224.498530,212.770104,14.917378
491.000,224.126993,212.822442,14.906056
492.000,223.552574,212.874310,14.895512
493.000,223.745144,212.925660,14.885819
494.000,223.379781,212.976451,14.877046
495.000,223.439737,213.026637,14.869259
496.000,222.836272,213.076178,14.862522
497.000,221.900082,213.125032,14.856894
498.000,221.088922,213.173160,14.852431
499.000,220.914461,213.220525,14.849184
500.000,221.000000,213.267090,14.847203
501.000,221.000000,213.312820,14.846529
502.000,220.742622,213.357682,14.847203
503.000,220.390946,213.401645,14.849258
504.000,220.095451,213.444680,14.852723
505.000,220.000000,213.486757,14.857624
506.000,220.591406,213.527850,14.863979
507.000,221.156427,213.567935,14.871804
508.000,221.477295,213.606988,14.881110
509.000,222.135718,213.644986,14.891900
510.000,223.681389,213.681910,14.904174
511.000,224.542087,213.717742,14.917927
512.000,224.878398,213.752464,14.933148
513.000,224.874489,213.786063,14.949822
514.000,224.336812,213.818523,14.967927
515.000,225.299210,213.849834,14.987439
516.000,225.295438,213.879986,15.008329
517.000,226.443494,213.908971,15.030561
518.000,227.427553,213.936781,15.054098
519.000,227.774849,213.963411,15.078896
520.000,228.122145,213.988859,15.104908
521.000,228.469442,214.013122,15.132085
522.000,228.816738,214.036200,15.160372
523.000,228.396130,214.058095,15.189711
524.000,227.000000,214.078809,15.220042
525.000,227.103765,214.098346,15.251301
526.000,227.692894,214.116713,15.283423
527.000,228.000000,214.133916,15.316338
528.000,228.009756,214.149965,15.349977
529.000,228.000000,214.164869,15.384268
530.000,228.000000,214.178640,15.419137
531.000,228.150546,214.191290,15.454508
532.000,229.048071,214.202834,15.490307
533.000,229.181501,214.213286,15.526457
534.000,229.111998,214.222663,15.562880
535.000,229.849089,214.230982,15.599499
536.000,230.000000,214.238261,15.636238
537.000,229.881215,214.244520,15.673018
538.000,227.955800,214.249778,15.709764
539.000,226.941983,214.254057,15.746401
540.000,225.000000,214.257378,15.782852
541.000,225.000000,214.259763,15.819047
542.000,224.391583,214.261236,15.854912
543.000,223.049387,214.261820,15.890379
544.000,221.093906,214.261540,15.925379
545.000,220.062145,214.260419,15.959848
546.000,218.154675,214.258483,15.993721
547.000,216.185059,214.255758,16.026938
548.000,214.593075,214.252269,16.059440
549.000,214.073364,214.248044,16.091172
550.000,213.802211,214.243109,16.122080
551.000,213.097465,214.237492,16.152116
552.000,212.902036,214.231220,16.181232
553.000,212.708537,214.224321,16.209385
554.000,210.932640,214.216822,16.236535
555.000,210.077330,214.208751,16.262643
556.000,208.458520,214.200135,16.287677
557.000,205.743892,214.191001,16.311603
558.000,205.041466,214.181377,16.334395
559.000,203.549673,214.171287,16.356027
560.000,201.580058,214.160760,16.376477
561.000,202.389558,214.149820,16.395725
562.000,198.922481,214.138493,16.413755
563.000,198.328789,214.126804,16.430552
564.000,198.350798,214.114776,16.446105
565.000,198.000000,214.102434,16.460407
566.000,197.381182,214.089801,16.473451
567.000,197.000000,214.076900,16.485234
568.000,197.588433,214.063755,16.495754
569.000,198.000000,214.050386,16.505012
570.000,198.000000,214.036818,16.513012
571.000,198.000000,214.023069,16.519757
572.000,198.000000,214.009162,16.525256
573.000,198.000000,213.995116,16.529514
574.000,198.000000,213.980949,16.532544
575.000,198.428227,213.966681,16.534354
576.000,198.847868,213.952328,16.534959
577.000,199.000000,213.937909,16.534370
578.000,199.000000,213.923440,16.532603
579.000,199.000000,213.908935,16.529673
580.000,199.000000,213.894411,16.525594
581.000,198.515507,213.879882,16.520383
582.000,198.000000,213.865360,16.514057
583.000,198.000000,213.850860,16.506631
584.000,198.112394,213.836393,16.498122
585.000,198.431843,213.821970,16.488547
586.000,199.329942,213.807602,16.477923
587.000,200.058607,213.793298,16.466268
588.000,200.548682,213.779068,16.453597
589.000,201.000000,213.764920,16.439927
590.000,201.508407,213.750861,16.425275
591.000,203.239011,213.736896,16.409656
592.000,204.447638,213.723033,16.393085
593.000,206.208627,213.709275,16.375576
594.000,207.193435,213.695628,16.357144
595.000,208.000000,213.682095,16.337801
596.000,208.163050,213.668678,16.317558
597.000,209.147858,213.655381,16.296428
598.000,210.132666,213.642207,16.274421
599.000,211.000000,213.629157,16.251546
600.000,211.102281,213.616233,16.227812
601.000,212.000000,213.603436,16.203228
602.000,212.071897,213.590767,16.177801
603.000,213.001482,213.578225,16.151539
604.000,213.035388,213.565810,16.124447
605.000,213.687285,213.553520,16.096532
606.000,214.022255,213.541354,16.067799
607.000,215.991871,213.529310,16.038253
608.000,217.135590,213.517386,16.007899
609.000,219.865132,213.505579,15.976740
610.000,220.571541,213.493886,15.944781
611.000,222.144219,213.482305,15.912023
612.000,223.340319,213.470832,15.878471
613.000,225.099211,213.459465,15.844127
614.000,226.211971,213.448200,15.808993
615.000,228.515134,213.437034,15.773071
616.000,229.396610,213.425964,15.736364
617.000,229.531888,213.414987,15.698874
618.000,229.421406,213.404100,15.660602
619.000,229.247758,213.393301,15.621551
620.000,229.014938,213.382586,15.581723
621.000,228.800923,213.371953,15.541119
622.000,228.453626,213.361399,15.499741
623.000,229.612049,213.350920,15.457592
624.000,229.021366,213.340515,15.414673
625.000,228.836742,213.330180,15.370988
626.000,229.000000,213.319912,15.326539
627.000,228.858572,213.309709,15.281329
628.000,228.684924,213.299569,15.235363
629.000,228.834668,213.289488,15.188644
630.000,229.646514,213.279464,15.141178
631.000,229.368678,213.269496,15.092968
632.000,228.986620,213.259582,15.044020
633.000,228.105584,213.249719,14.994341
634.000,226.909416,213.239905,14.943935
635.000,225.898834,213.230141,14.892811
636.000,225.295739,213.220425,14.840975
637.000,225.056141,213.210755,14.788436
638.000,224.475024,213.201132,14.735202
639.000,223.490216,213.191556,14.681282
640.000,223.000000,213.182026,14.626685
641.000,222.520601,213.172544,14.571422
642.000,221.535793,213.163110,14.515504
643.000,220.101971,213.153726,14.458941
644.000,218.659624,213.144391,14.401746
645.000,218.155281,213.135109,14.343932
646.000,217.193124,213.125881,14.285511
647.000,216.000000,213.116707,14.226497
648.000,215.626947,213.107592,14.166906
649.000,215.344151,213.098538,14.106752
650.000,214.883033,213.089546,14.046051
651.000,213.654953,213.080620,13.984820
652.000,214.063147,213.071763,13.923077
653.000,212.000000,213.062978,13.860838
654.000,211.718100,213.054269,13.798122
655.000,210.466585,213.045638,13.734947
656.000,208.955425,213.037088,13.671332
657.000,208.495723,213.028623,13.607296
658.000,207.778869,213.020246,13.542857
659.000,206.856220,213.011960,13.478037
660.000,205.937436,213.003767,13.412855
661.000,204.648892,212.995671,13.347332
662.000,203.000000,212.987674,13.281488
663.000,202.854830,212.979781,13.215345
664.000,202.000000,212.971994,13.148923
665.000,202.000000,212.964316,13.082243
666.000,202.000000,212.956750,13.015325
667.000,201.835617,212.949300,12.948191
668.000,201.000000,212.941967,12.880861
669.000,201.000000,212.934755,12.813356
670.000,200.976383,212.927666,12.745699
671.000,200.194421,212.920702,12.677909
672.000,199.052469,212.913865,12.610009
673.000,199.993247,212.907156,12.542019
674.000,200.000000,212.900577,12.473960
675.000,199.495980,212.894130,12.405854
676.000,199.034024,212.887814,12.337721
677.000,199.000000,212.881631,12.269582
678.000,199.917286,212.875581,12.201456
679.000,200.016755,212.869664,12.133363
680.000,200.886901,212.863880,12.065323
681.000,201.000000,212.858228,11.997356
682.000,201.856517,212.852707,11.929479
683.000,202.000000,212.847317,11.861710
684.000,202.826132,212.842054,11.794068
685.000,203.000000,212.836918,11.726570
686.000,203.795748,212.831905,11.659231
687.000,204.780556,212.827012,11.592068
688.000,205.000000,212.822235,11.525097
689.000,205.000000,212.817571,11.458332
690.000,206.491494,212.813014,11.391787
691.000,207.000000,212.808560,11.325477
692.000,207.000000,212.804203,11.259415
693.000,207.000000,212.799939,11.193615
694.000,208.348420,212.795760,11.128088
695.000,209.000000,212.791662,11.062848
696.000,209.643825,212.787637,10.997906
697.000,210.000000,212.783678,10.933273
698.000,210.613441,212.779779,10.868958
699.000,211.212919,212.775931,10.804973
700.000,212.242103,212.772126,10.741326
701.000,213.000000,212.768355,10.678028
702.000,212.926173,212.764610,10.615087
703.000,213.000000,212.760880,10.552514
704.000,213.000000,212.757157,10.490318
705.000,213.507095,212.753429,10.428506
706.000,214.000000,212.749686,10.367087
707.000,214.000000,212.745919,10.306069
708.000,214.000000,212.742114,10.245459
709.000,214.276464,212.738262,10.185266
710.000,215.115853,212.734350,10.125496
711.000,216.415942,212.730367,10.066157
712.000,216.599250,212.726301,10.007256
713.000,216.771115,212.722140,9.948802
714.000,217.629635,212.717871,9.890803
715.000,217.355173,212.713482,9.833267
716.000,217.660019,212.708961,9.776202
717.000,217.399566,212.704294,9.719619
718.000,218.039069,212.699469,9.663525
719.000,218.328867,212.694473,9.607932
720.000,219.209539,212.689293,9.552850
721.000,219.405440,212.683917,9.498289
722.000,220.023094,212.678331,9.444262
723.000,219.467270,212.672522,9.390780
724.000,220.563115,212.666478,9.337856
725.000,219.406501,212.660186,9.285505
726.000,220.937452,212.653632,9.233740
727.000,220.751974,212.646804,9.182577
728.000,221.854615,212.639689,9.132032
729.000,223.020868,212.632276,9.082120
730.000,223.127289,212.624552,9.032859
731.000,224.112097,212.616504,8.984267
732.000,225.000000,212.608121,8.936360
733.000,225.000000,212.599390,8.889159
734.000,225.066520,212.590301,8.842682
735.000,226.000000,212.580840,8.796949
736.000,225.861146,212.570997,8.751978
737.000,223.979057,212.560760,8.707791
738.000,222.988498,212.550118,8.664407
739.000,221.018882,212.539061,8.621846
740.000,219.049267,212.527577,8.580129
741.000,218.039826,212.515658,8.539275
742.000,216.110036,212.503292,8.499304
743.000,215.070210,212.490471,8.460236
744.000,214.085402,212.477187,8.422090
745.000,213.431654,212.463430,8.384885
746.000,213.022514,212.449194,8.348638
747.000,213.000000,212.434470,8.313367
748.000,213.000000,212.419252,8.279089
749.000,211.322727,212.403534,8.245819
750.000,211.000000,212.387310,8.213574
751.000,210.191748,212.370576,8.182366
752.000,210.000000,212.353327,8.152208
753.000,210.016412,212.335560,8.123112
754.000,210.194746,212.317272,8.095086
755.000,210.093026,212.298460,8.068140
756.000,210.000000,212.279123,8.042280
757.000,210.000000,212.259258,8.017510
758.000,210.000000,212.238865,7.993833
759.000,209.313286,212.217943,7.971249
760.000,209.000000,212.196492,7.949758
761.000,208.343671,212.174512,7.929355
762.000,208.000000,212.152004,7.910036
763.000,208.000000,212.128970,7.891792
764.000,207.389247,212.105412,7.874614
765.000,207.000000,212.081333,7.858490
766.000,206.581279,212.056736,7.843407
767.000,206.452173,212.031624,7.829347
768.000,206.625821,212.006001,7.816295
769.000,206.371920,211.979873,7.804228
770.000,206.000000,211.953244,7.793126
771.000,206.074029,211.926120,7.782963
772.000,206.320413,211.898507,7.773716
773.000,206.254236,211.870413,7.765355
774.000,206.487884,211.841844,7.757853
775.000,207.284996,211.812809,7.751177
776.000,208.000000,211.783317,7.745296
777.000,208.413253,211.753378,7.740175
778.000,209.144219,211.723001,7.735779
779.000,210.096490,211.692197,7.732071
780.000,211.000000,211.660977,7.729014
781.000,211.352484,211.629352,7.726569
782.000,212.374997,211.597333,7.724696
783.000,213.074258,211.564933,7.723355
784.000,213.587050,211.532163,7.722505
785.000,214.000000,211.499037,7.722106
786.000,214.207804,211.465566,7.722114
787.000,214.925136,211.431766,7.722490
788.000,215.000000,211.397648,7.723189
789.000,215.062917,211.363227,7.724171
790.000,215.446081,211.328518,7.725395
791.000,215.695997,211.293534,7.726820
792.000,216.147068,211.258290,7.728404
793.000,217.142814,211.222802,7.730110
794.000,218.154985,211.187086,7.731898
795.000,219.095853,211.151157,7.733731
796.000,219.572832,211.115031,7.735573
797.000,220.109409,211.078726,7.737389
798.000,221.000000,211.042257,7.739144
799.000,221.079024,211.005640,7.740806
800.000,222.011653,210.968894,7.742343
801.000,222.484803,210.932033,7.743725
802.000,225.017722,210.895075,7.744923
803.000,225.672409,210.858036,7.745910
804.000,223.993874,210.820933,7.746661
805.000,222.024259,210.783782,7.747151
806.000,220.054643,210.746601,7.747357
807.000,218.085028,210.709405,7.747258
808.000,216.654167,210.672210,7.746834
809.000,215.818294,210.635035,7.746066
810.000,214.095226,210.597894,7.744939
811.000,213.176828,210.560805,7.743436
812.000,212.619602,210.523784,7.741544
813.000,211.632468,210.486847,7.739250
814.000,210.433647,210.450011,7.736544
815.000,208.902674,210.413290,7.733416
816.000,207.248291,210.376701,7.729856
817.000,205.523454,210.340259,7.725859
818.000,204.761474,210.303979,7.721417
819.000,203.815035,210.267876,7.716524
820.000,202.895539,210.231964,7.711177
821.000,203.446739,210.196257,7.705370
822.000,204.000000,210.160767,7.699101
823.000,203.411662,210.125510,7.692367
824.000,203.105309,210.090495,7.685165
825.000,203.358270,210.055737,7.677493
826.000,203.899794,210.021246,7.669350
827.000,204.569363,209.987032,7.660735
828.000,205.666995,209.953108,7.651646
829.000,206.705522,209.919482,7.642083
830.000,208.216129,209.886165,7.632046
831.000,209.000000,209.853166,7.621534
832.000,209.000000,209.820493,7.610547
833.000,209.000000,209.788156,7.599086
834.000,209.586500,209.756162,7.587151
835.000,209.606376,209.724519,7.574743
836.000,209.209611,209.693233,7.561860
837.000,209.000000,209.662311,7.548506
838.000,208.133402,209.631758,7.534679
839.000,207.023874,209.601580,7.520380
840.000,207.982164,209.571779,7.505611
841.000,209.000000,209.542360,7.490371
842.000,208.979381,209.513325,7.474662
843.000,209.442798,209.484676,7.458485
844.000,210.148507,209.456416,7.441840
845.000,210.614523,209.428544,7.424731
846.000,209.137600,209.401060,7.407158
847.000,206.638665,209.373965,7.389126
848.000,204.366142,209.347256,7.370636
849.000,202.743823,209.320932,7.351693
850.000,201.384645,209.294989,7.332302
851.000,200.460565,209.269426,7.312467
852.000,198.722724,209.244237,7.292196
853.000,197.672017,209.219419,7.271495
854.000,197.208889,209.194968,7.250372
855.000,196.070805,209.170878,7.228837
856.000,194.693794,209.147143,7.206899
857.000,194.161017,209.123758,7.184570
858.000,194.598136,209.100715,7.161863
859.000,195.167489,209.078009,7.138791
860.000,196.304594,209.055629,7.115370
861.000,198.137105,209.033568,7.091617
862.000,199.121912,209.011817,7.067549
863.000,200.229118,208.990365,7.043186
864.000,201.479102,208.969201,7.018550
865.000,203.510175,208.948315,6.993661
866.000,204.161623,208.927694,6.968545
867.000,206.825400,208.907328,6.943225
868.000,207.030759,208.887202,6.917729
869.000,208.177296,208.867305,6.892082
870.000,209.000374,208.847624,6.866315
871.000,209.985182,208.828144,6.840457
872.000,210.000000,208.808853,6.814539
873.000,210.000000,208.789737,6.788595
874.000,210.030563,208.770781,6.762658
875.000,210.206176,208.751969,6.736763
876.000,210.379824,208.733289,6.710945
877.000,210.553472,208.714723,6.685240
878.000,210.088100,208.696256,6.659685
879.000,209.914299,208.677874,6.634316
880.000,209.214687,208.659559,6.609172
881.000,209.874622,208.641297,6.584289
882.000,210.000000,208.623071,6.559705
883.000,209.675126,208.604866,6.535457
884.000,209.769009,208.586664,6.511583
885.000,209.942658,208.568452,6.488119
886.000,210.116306,208.550211,6.465103
887.000,209.547848,208.531927,6.442570
888.000,209.463602,208.513583,6.420556
889.000,209.637250,208.495164,6.399095
890.000,209.810898,208.476653,6.378220
891.000,209.313738,208.458035,6.357966
892.000,209.158195,208.439296,6.338363
893.000,209.331843,208.420421,6.319441
894.000,209.505491,208.401394,6.301231
895.000,209.878255,208.382203,6.283760
896.000,210.000000,208.362833,6.267055
897.000,210.000000,208.343271,6.251139
898.000,210.000000,208.323504,6.236035
899.000,210.559799,208.303518,6.221766
900.000,211.000000,208.283302,6.208351
901.000,211.000000,208.262843,6.195808
902.000,211.000000,208.242130,6.184153
903.000,211.000000,208.221152,6.173399
904.000,211.000000,208.199897,6.163561
905.000,211.000000,208.178356,6.154646
906.000,211.000000,208.156519,6.146665
907.000,211.438261,208.134377,6.139623
908.000,212.000000,208.111922,6.133526
909.000,212.000000,208.089147,6.128376
910.000,212.000000,208.066045,6.124173
911.000,212.000000,208.042609,6.120918
912.000,212.000000,208.018835,6.118606
913.000,212.000000,207.994717,6.117234
914.000,212.000000,207.970252,6.116794
915.000,212.103928,207.945436,6.117279
916.000,212.301531,207.920266,6.118679
917.000,213.000000,207.894741,6.120981
918.000,213.000000,207.868859,6.124173
919.000,212.960761,207.842619,6.128240
920.000,213.020344,207.816022,6.133165
921.000,213.419562,207.789070,6.138931
922.000,214.500675,207.761764,6.145518
923.000,215.105652,207.734106,6.152906
924.000,215.714936,207.706102,6.161072
925.000,215.888585,207.677755,6.169995
926.000,215.850391,207.649070,6.179648
927.000,215.000000,207.620054,6.190007
928.000,214.951174,207.590714,6.201045
929.000,214.373460,207.561057,6.212734
930.000,214.000000,207.531092,6.225046
931.000,213.926353,207.500826,6.237950
932.000,212.901965,207.470271,6.251417
933.000,213.000000,207.439437,6.265416
934.000,213.000000,207.408333,6.279913
935.000,212.991950,207.376972,6.294878
936.000,212.203133,207.345367,6.310276
937.000,212.027637,207.313530,6.326072
938.000,212.967302,207.281475,6.342233
939.000,213.952109,207.249217,6.358722
940.000,212.126166,207.216770,6.375502
941.000,212.000000,207.184151,6.392538
942.000,212.000000,207.151375,6.409791
943.000,211.094408,207.118460,6.427223
944.000,210.100580,207.085423,6.444797
945.000,209.139044,207.052282,6.462474
946.000,209.000000,207.019054,6.480215
947.000,209.000000,206.985758,6.497980
948.000,207.465055,206.952412,6.515730
949.000,207.000000,206.919037,6.533426
950.000,206.819617,206.885650,6.551025
951.000,206.137327,206.852273,6.568488
952.000,206.000000,206.818926,6.585774
953.000,206.184312,206.785628,6.602840
954.000,206.745079,206.752402,6.619647
955.000,207.000000,206.719268,6.636154
956.000,206.494660,206.686249,6.652319
957.000,206.821755,206.653365,6.668104
958.000,206.589337,206.620638,6.683467
959.000,206.207377,206.588090,6.698371
960.000,206.012376,206.555744,6.712776
961.000,206.000000,206.523620,6.726645
962.000,206.602688,206.491741,6.739940
963.000,206.713763,206.460129,6.752626
964.000,205.766833,206.428806,6.764666
965.000,205.073293,206.397793,6.776027
966.000,205.000000,206.367112,6.786677
967.000,205.000000,206.336785,6.796582
968.000,205.000000,206.306832,6.805714
969.000,205.000000,206.277276,6.814044
970.000,205.000000,206.248137,6.821544
971.000,205.000000,206.219436,6.828190
972.000,205.000000,206.191194,6.833958
973.000,205.000000,206.163430,6.838827
974.000,205.167036,206.136166,6.842776
975.000,205.570994,206.109421,6.845790
976.000,205.454234,206.083214,6.847854
977.000,204.625196,206.057564,6.848956
978.000,204.150814,206.032490,6.849089
979.000,203.921167,206.008011,6.848246
980.000,202.596160,205.984142,6.846425
981.000,200.597695,205.960902,6.843625
982.000,199.274219,205.938305,6.839847
983.000,198.625412,205.916368,6.835097
984.000,198.035123,205.895104,6.829383
985.000,197.591287,205.874528,6.822715
986.000,196.486099,205.854652,6.815106
987.000,194.940725,205.835489,6.806575
988.000,193.585095,205.817052,6.797141
989.000,192.813707,205.799351,6.786828
990.000,192.141384,205.782399,6.775663
991.000,191.022954,205.766204,6.763673
992.000,192.752184,205.750776,6.750891
993.000,191.656778,205.736125,6.737350
994.000,193.624082,205.722259,6.723088
995.000,193.189258,205.709185,6.708142
996.000,194.502615,205.696910,6.692555
997.000,195.505409,205.685442,6.676368
998.000,197.111534,205.674786,6.659628
999.000,199.040575,205.664948,6.642381
1000.000,200.023154,205.655931,6.624676
1001.000,201.085846,205.647740,6.606563
1002.000,201.259494,205.640378,6.588094
1003.000,201.988553,205.633847,6.569322
1004.000,202.000000,205.628147,6.550299
1005.000,202.740965,205.623280,6.531081
1006.000,203.845423,205.619245,6.511720
1007.000,204.117393,205.616042,6.492273
1008.000,204.932824,205.613668,6.472794
1009.000,205.888652,205.612122,6.453337
1010.000,206.873460,205.611401,6.433956
1011.000,206.141732,205.611500,6.414704
1012.000,206.000000,205.612417,6.395634
1013.000,205.172117,205.614144,6.376796
1014.000,205.000000,205.616678,6.358239
1015.000,205.000000,205.620012,6.340013
1016.000,205.000000,205.624140,6.322163
1017.000,205.000000,205.629054,6.304733
1018.000,205.000000,205.634747,6.287767
1019.000,205.000000,205.641211,6.271305
1020.000,205.000000,205.648437,6.255383
1021.000,205.000000,205.656418,6.240037
1022.000,205.000000,205.665143,6.225300
1023.000,205.000000,205.674604,6.211201
1024.000,204.312176,205.684790,6.197767
1025.000,204.000000,205.695692,6.185021
1026.000,204.000000,205.707299,6.172984
1027.000,204.000000,205.719600,6.161672
1028.000,204.000000,205.732583,6.151100
1029.000,202.860798,205.746238,6.141278
1030.000,202.569615,205.760553,6.132213
1031.000,203.390706,205.775514,6.123908
1032.000,203.244696,205.791112,6.116364
1033.000,202.475962,205.807331,6.109578
1034.000,201.906492,205.824161,6.103544
1035.000,201.989884,205.841588,6.098252
1036.000,202.000000,205.859600,6.093692
1037.000,202.000000,205.878184,6.089848
1038.000,202.000000,205.897326,6.086702
1039.000,202.000000,205.917015,6.084233
1040.000,202.000000,205.937238,6.082420
1041.000,202.000000,205.957982,6.081235
1042.000,202.000000,205.979235,6.080651
1043.000,202.372116,206.000985,6.080639
1044.000,203.197278,206.023221,6.081165
1045.000,203.819875,206.045929,6.082195
1046.000,204.326539,206.069099,6.083695
1047.000,204.660860,206.092720,6.085626
1048.000,204.916048,206.116779,6.087950
1049.000,205.788290,206.141265,6.090628
1050.000,205.404696,206.166167,6.093620
1051.000,206.000000,206.191474,6.096885
1052.000,206.235386,206.217174,6.100381
1053.000,207.220193,206.243257,6.104068
1054.000,208.205001,206.269713,6.107904
1055.000,209.000000,206.296531,6.111849
1056.000,209.349233,206.323704,6.115860
1057.000,210.840576,206.351221,6.119900
1058.000,210.288464,206.379073,6.123928
1059.000,212.048717,206.407253,6.127906
1060.000,211.852179,206.435752,6.131798
1061.000,213.455876,206.464563,6.135567
1062.000,213.356770,206.493677,6.139181
1063.000,213.704066,206.523090,6.142605
1064.000,214.025681,206.552793,6.145811
1065.000,214.199330,206.582782,6.148768
1066.000,214.364513,206.613051,6.151452
1067.000,213.996599,206.643595,6.153837
1068.000,213.722425,206.674409,6.155902
1069.000,213.893922,206.705489,6.157627
1070.000,213.105645,206.736832,6.158994
1071.000,212.522855,206.768434,6.159990
1072.000,212.829734,206.800295,6.160601
1073.000,212.637745,206.832410,6.160817
1074.000,212.762163,206.864779,6.160633
1075.000,212.935811,206.897401,6.160043
1076.000,213.109459,206.930275,6.159045
1077.000,213.283108,206.963400,6.157640
1078.000,213.456756,206.996777,6.155832
1079.000,213.630404,207.030404,6.153627
1080.000,213.804052,207.064284,6.151033
1081.000,213.977700,207.098415,6.148063
1082.000,212.558758,207.132800,6.144729
1083.000,212.076561,207.167440,6.141049
1084.000,211.250766,207.202337,6.137041
1085.000,210.759450,207.237494,6.132726
1086.000,210.845941,207.272913,6.128128
1087.000,211.000000,207.308596,6.123271
1088.000,211.000000,207.344548,6.118182
1089.000,210.326728,207.380770,6.112892
1090.000,209.341920,207.417266,6.107428
1091.000,208.357112,207.454039,6.101825
1092.000,207.372304,207.491092,6.096115
1093.000,206.976177,207.528427,6.090333
1094.000,205.805378,207.566049,6.084513
1095.000,205.000000,207.603959,6.078692
1096.000,204.763264,207.642162,6.072908
1097.000,204.338921,207.680662,6.067198
1098.000,204.000000,207.719461,6.061600
1099.000,203.946109,207.758563,6.056153
1100.000,203.863198,207.797973,6.050894
1101.000,204.000000,207.837694,6.045862
1102.000,204.000000,207.877730,6.041095
1103.000,204.000000,207.918086,6.036631
1104.000,204.000000,207.958766,6.032507
1105.000,204.000000,207.999774,6.028760
1106.000,203.867653,208.041114,6.025426
1107.000,203.304564,208.082791,6.022537
1108.000,203.000000,208.124808,6.020129
1109.000,203.000000,208.167169,6.018232
1110.000,203.013498,208.209878,6.016877
1111.000,203.187146,208.252938,6.016092
1112.000,203.567801,208.296353,6.015903
1113.000,204.000000,208.340126,6.016335
1114.000,204.000000,208.384258,6.017409
1115.000,204.000000,208.428752,6.019147
1116.000,204.000000,208.473609,6.021565
1117.000,204.000000,208.518831,6.024678
1118.000,204.000000,208.564418,6.028500
1119.000,204.000000,208.610372,6.033041
1120.000,204.000000,208.656691,6.038308
1121.000,204.000000,208.703376,6.044306
1122.000,204.097276,208.750426,6.051037
1123.000,204.270924,208.797840,6.058501
1124.000,204.444572,208.845616,6.066693
1125.000,204.618220,208.893751,6.075607
1126.000,204.703845,208.942244,6.085231
1127.000,204.092658,208.991091,6.095553
1128.000,205.000000,209.040288,6.106557
1129.000,205.000000,209.089831,6.118224
1130.000,204.949610,209.139716,6.130530
1131.000,204.000000,209.189937,6.143451
1132.000,204.000000,209.240488,6.156959
1133.000,204.000000,209.291363,6.171023
1134.000,204.000000,209.342556,6.185608
1135.000,204.000000,209.394058,6.200679
1136.000,204.000000,209.445862,6.216195
1137.000,205.888089,209.497961,6.232115
1138.000,206.000000,209.550344,6.248395
1139.000,205.946449,209.603002,6.264987
1140.000,205.777057,209.655927,6.281843
1141.000,205.953708,209.709108,6.298912
1142.000,206.868083,209.762534,6.316142
1143.000,207.000000,209.816194,6.333477
1144.000,207.000000,209.870077,6.350862
1145.000,206.908816,209.924170,6.368240
1146.000,206.735168,209.978462,6.385552
1147.000,206.561520,210.032940,6.402740
1148.000,206.387872,210.087591,6.419744
1149.000,206.214224,210.142401,6.436504
1150.000,206.040575,210.197356,6.452959
1151.000,206.634030,210.252442,6.469050
1152.000,207.409440,210.307645,6.484715
1153.000,206.454417,210.362950,6.499897
1154.000,207.371553,210.418340,6.514534
1155.000,206.658832,210.473800,6.528570
1156.000,207.310331,210.529313,6.541947
1157.000,207.359800,210.584863,6.554608
1158.000,207.625007,210.640431,6.566502
1159.000,207.390185,210.696001,6.577575
1160.000,207.594623,210.751554,6.587778
1161.000,208.000000,210.807072,6.597062
1162.000,208.000000,210.862536,6.605385
1163.000,208.000000,210.917928,6.612701
1164.000,208.000000,210.973229,6.618974
1165.000,208.744722,211.028419,6.624165
1166.000,209.262205,211.083481,6.628241
1167.000,210.065111,211.138395,6.631174
1168.000,210.955164,211.193141,6.632937
1169.000,212.136728,211.247700,6.633508
1170.000,213.518060,211.302052,6.632869
1171.000,214.427508,211.356177,6.631006
1172.000,215.090840,211.410055,6.627907
1173.000,215.425258,211.463664,6.623568
1174.000,215.921517,211.516986,6.617987
1175.000,216.623226,211.569999,6.611165
1176.000,217.710539,211.622682,6.603109
1177.000,217.922082,211.675015,6.593831
1178.000,218.235730,211.726978,6.583346
1179.000,218.315527,211.778550,6.571674
1180.000,218.880234,211.829711,6.558839
1181.000,219.181193,211.880441,6.544869
1182.000,219.618240,211.930720,6.529796
1183.000,220.490402,211.980529,6.513658
1184.000,222.230009,212.029848,6.496493
1185.000,222.896639,212.078658,6.478346
1186.000,222.420930,212.126939,6.459265
1187.000,221.757387,212.174673,6.439300
1188.000,222.558055,212.221841,6.418506
1189.000,222.618986,212.268424,6.396941
1190.000,222.000000,212.314403,6.374663
1191.000,221.876337,212.359760,6.351736
1192.000,220.891529,212.404478,6.328226
1193.000,220.000000,212.448537,6.304198
1194.000,220.000000,212.491920,6.279723
1195.000,219.874212,212.534611,6.254871
1196.000,218.000000,212.576592,6.229714
1197.000,217.996070,212.617847,6.204326
1198.000,217.705463,212.658360,6.178782
1199.000,217.530684,212.698115,6.153155
1200.000,217.004680,212.737097,6.127520
1201.000,217.000000,212.775290,6.101952
1202.000,216.053849,212.812680,6.076527
1203.000,215.058644,212.849253,6.051317
1204.000,214.073836,212.884995,6.026396
1205.000,214.000000,212.919891,6.001835
1206.000,214.000000,212.953930,5.977706
1207.000,214.000000,212.987097,5.954075
1208.000,212.269210,213.019381,5.931011
1209.000,212.676194,213.050770,5.908576
1210.000,212.621685,213.081251,5.886832
1211.000,212.080728,213.110813,5.865838
1212.000,212.000000,213.139447,5.845650
1213.000,212.000000,213.167141,5.826321
1214.000,212.000000,213.193885,5.807898
1215.000,212.571901,213.219672,5.790428
1216.000,212.148511,213.244492,5.773953
1217.000,212.000000,213.268337,5.758510
1218.000,212.000000,213.291201,5.744134
1219.000,212.000000,213.313075,5.730855
1220.000,211.963619,213.333954,5.718699
1221.000,212.000000,213.353832,5.707686
1222.000,212.000000,213.372703,5.697834
1223.000,212.000000,213.390563,5.689157
1224.000,212.622319,213.407406,5.681661
1225.000,213.000000,213.423229,5.675351
1226.000,212.907252,213.438028,5.670225
1227.000,212.283441,213.451800,5.666279
1228.000,212.000000,213.464542,5.663503
1229.000,211.629771,213.476252,5.661883
1230.000,211.069726,213.486929,5.661402
1231.000,210.962211,213.496570,5.662036
1232.000,210.702292,213.505175,5.663761
1233.000,210.627777,213.512742,5.666547
1234.000,210.197352,213.519273,5.670361
1235.000,209.560961,213.524767,5.675166
1236.000,208.773652,213.529225,5.680921
1237.000,208.424820,213.532649,5.687583
1238.000,209.508128,213.535042,5.695107
1239.000,210.808548,213.536407,5.703444
1240.000,211.967004,213.536747,5.712541
1241.000,213.212319,213.536066,5.722345
1242.000,213.651141,213.534369,5.732801
1243.000,214.182138,213.531662,5.743851
1244.000,215.735327,213.527950,5.755436
1245.000,215.683552,213.523238,5.767494
1246.000,217.341560,213.517533,5.779966
1247.000,217.129875,213.510842,5.792788
1248.000,218.263646,213.503171,5.805898
1249.000,219.356586,213.494529,5.819234
1250.000,220.000000,213.484923,5.832732
1251.000,220.000000,213.474363,5.846330
1252.000,220.000000,213.462858,5.859965
1253.000,220.181744,213.450416,5.873578
1254.000,221.000000,213.437049,5.887106
1255.000,220.970866,213.422765,5.900491
1256.000,220.633869,213.407577,5.913675
1257.000,220.460220,213.391494,5.926602
1258.000,220.256258,213.374528,5.939217
1259.000,220.000000,213.356692,5.951468
1260.000,220.000000,213.337998,5.963307
1261.000,220.000000,213.318458,5.974685
1262.000,220.000000,213.298087,5.985558
1263.000,220.000000,213.276897,5.995883
1264.000,220.000000,213.254902,6.005623
1265.000,220.000000,213.232118,6.014740
1266.000,220.000000,213.208558,6.023201
1267.000,220.000000,213.184239,6.030977
1268.000,220.000000,213.159175,6.038041
1269.000,219.646646,213.133381,6.044368
1270.000,219.797206,213.106874,6.049939
1271.000,219.944381,213.079670,6.054737
1272.000,220.000000,213.051785,6.058748
1273.000,219.122101,213.023235,6.061962
1274.000,219.000000,212.994038,6.064373
1275.000,219.847514,212.964209,6.065976
1276.000,219.167678,212.933766,6.066773
1277.000,218.180540,212.902728,6.066767
1278.000,217.850526,212.871110,6.065963
1279.000,217.136474,212.838932,6.064372
1280.000,217.000000,212.806211,6.062006
1281.000,216.464999,212.772966,6.058879
1282.000,216.119016,212.739216,6.055012
1283.000,215.960338,212.704977,6.050423
1284.000,215.223193,212.670271,6.045136
1285.000,214.304408,212.635115,6.039177
1286.000,213.608378,212.599528,6.032575
1287.000,213.083958,212.563530,6.025357
1288.000,212.400118,212.527140,6.017557
1289.000,211.329930,212.490378,6.009207
1290.000,211.000000,212.453263,6.000344
1291.000,210.731739,212.415814,5.991002
1292.000,210.157127,212.378051,5.981220
1293.000,209.425946,212.339994,5.971036
1294.000,209.000000,212.301663,5.960489
1295.000,207.912661,212.263076,5.949619
1296.000,207.000000,212.224254,5.938467
1297.000,206.750694,212.185217,5.927071
1298.000,206.340645,212.145985,5.915474
1299.000,206.166997,212.106578,5.903715
1300.000,206.003540,212.067015,5.891833
1301.000,206.000000,212.027316,5.879867
1302.000,206.000000,211.987502,5.867857
1303.000,206.000000,211.947591,5.855839
1304.000,206.406939,211.907603,5.843850
1305.000,207.000000,211.867557,5.831926
1306.000,207.376555,211.827473,5.820100
1307.000,208.000000,211.787370,5.808406
1308.000,208.000000,211.747267,5.796873
1309.000,208.330978,211.707182,5.785533
1310.000,209.000000,211.667134,5.774411
1311.000,209.275579,211.627141,5.763534
1312.000,210.000000,211.587221,5.752925
1313.000,210.000000,211.547392,5.742606
1314.000,210.143389,211.507670,5.732596
1315.000,210.868275,211.468073,5.722912
1316.000,212.038637,211.428619,5.713568
1317.000,211.283443,211.389323,5.704576
1318.000,212.000000,211.350202,5.695947
1319.000,212.124271,211.311273,5.687688
1320.000,212.520385,211.272551,5.679805
1321.000,212.346737,211.234053,5.672299
1322.000,212.416943,211.195792,5.665172
1323.000,214.000066,211.157785,5.658422
1324.000,214.344477,211.120045,5.652045
1325.000,215.537495,211.082588,5.646034
1326.000,214.556295,211.045426,5.640381
1327.000,214.982466,211.008572,5.635076
1328.000,214.874353,210.972041,5.630107
1329.000,214.974019,210.935844,5.625458
1330.000,214.216097,210.899994,5.621112
1331.000,214.389745,210.864504,5.617053
1332.000,213.028835,210.829386,5.613259
1333.000,212.033636,210.794650,5.609709
1334.000,211.048828,210.760309,5.606381
1335.000,210.064020,210.726372,5.603248
1336.000,208.158425,210.692850,5.600287
1337.000,206.579695,210.659753,5.597468
1338.000,204.824476,210.627090,5.594765
1339.000,203.903720,210.594869,5.592149
1340.000,203.952578,210.563100,5.589588
1341.000,203.261813,210.531791,5.587052
1342.000,202.221455,210.500949,5.584510
1343.000,202.000000,210.470581,5.581929
1344.000,202.000000,210.440695,5.579278
1345.000,202.000000,210.411296,5.576524
1346.000,202.000000,210.382393,5.573633
1347.000,202.000000,210.353990,5.570573
1348.000,202.738480,210.326092,5.567311
1349.000,203.000000,210.298706,5.563815
1350.000,203.708096,210.271835,5.560051
1351.000,204.000000,210.245483,5.555988
1352.000,205.355423,210.219654,5.551595
1353.000,206.000000,210.194351,5.546842
1354.000,206.647327,210.169577,5.541698
1355.000,207.000000,210.145335,5.536134
1356.000,207.616942,210.121627,5.530121
1357.000,208.601750,210.098453,5.523631
1358.000,209.045896,210.075817,5.516636
1359.000,209.251894,210.053719,5.509111
1360.000,209.745040,210.032159,5.501030
1361.000,210.540981,210.011139,5.492368
1362.000,211.000000,209.990657,5.483103
1363.000,211.510597,209.970715,5.473214
1364.000,212.990809,209.951310,5.462678
1365.000,214.000000,209.932443,5.451478
1366.000,214.000000,209.914112,5.439594
1367.000,214.000000,209.896315,5.427009
1368.000,214.000000,209.879052,5.413709
1369.000,214.419443,209.862319,5.399680
1370.000,214.934502,209.846115,5.384907
1371.000,214.794924,209.830437,5.369380
1372.000,214.816551,209.815282,5.353090
1373.000,214.682968,209.800647,5.336028
1374.000,214.169652,209.786529,5.318188
1375.000,212.701975,209.772924,5.299564
1376.000,211.826971,209.759828,5.280153
1377.000,210.814572,209.747237,5.259953
1378.000,210.395375,209.735145,5.238964
1379.000,209.806086,209.723550,5.217187
1380.000,208.823556,209.712445,5.194626
1381.000,207.707820,209.701825,5.171284
1382.000,206.723502,209.691686,5.147168
1383.000,205.373798,209.682022,5.122285
1384.000,204.215342,209.672828,5.096644
1385.000,203.192115,209.664098,5.070255
1386.000,202.696864,209.655825,5.043131
1387.000,201.145983,209.648005,5.015284
1388.000,201.869209,209.640630,4.986729
1389.000,201.231197,209.633696,4.957483
1390.000,202.835837,209.627195,4.927563
1391.000,201.361792,209.621121,4.896987
1392.000,202.947695,209.615467,4.865777
1393.000,202.109659,209.610227,4.833953
1394.000,204.079274,209.605394,4.801539
1395.000,206.012144,209.600962,4.768558
1396.000,206.338639,209.596923,4.735039
1397.000,207.989009,209.593271,4.701006
1398.000,208.955206,209.590000,4.666489
1399.000,208.992814,209.587101,4.631516
1400.000,209.000000,209.584569,4.596115
1401.000,209.424538,209.582396,4.560318
1402.000,209.941132,209.580576,4.524156
1403.000,210.902907,209.579100,4.487661
1404.000,211.000000,209.577962,4.450866
1405.000,211.663370,209.577155,4.413804
1406.000,211.941026,209.576672,4.376509
1407.000,212.000000,209.576504,4.339017
1408.000,212.000000,209.576646,4.301362
1409.000,212.865083,209.577091,4.263580
1410.000,213.710572,209.577831,4.225707
1411.000,213.938434,209.578861,4.187778
1412.000,214.000000,209.580173,4.149830
1413.000,214.000000,209.581761,4.111898
1414.000,214.000000,209.583619,4.074020
1415.000,214.000000,209.585740,4.036231
1416.000,213.100611,209.588118,3.998567
1417.000,213.143451,209.590747,3.961064
1418.000,213.005728,209.593621,3.923757
1419.000,211.781374,209.596732,3.886681
1420.000,211.055283,209.600076,3.849869
1421.000,210.363854,209.603646,3.813357
1422.000,209.385746,209.607435,3.777176
1423.000,208.781116,209.611438,3.741359
1424.000,208.191826,209.615649,3.705937
1425.000,207.431323,209.620062,3.670941
1426.000,207.000000,209.624672,3.636401
1427.000,207.538293,209.629473,3.602344
1428.000,208.000000,209.634459,3.568800
1429.000,208.000000,209.639626,3.535794
1430.000,208.000000,209.644968,3.503351
1431.000,208.000000,209.650480,3.471496
1432.000,208.000000,209.656156,3.440252
1433.000,208.447139,209.661993,3.409641
1434.000,209.000000,209.667984,3.379682
1435.000,209.000000,209.674125,3.350396
1436.000,209.401563,209.680410,3.321801
1437.000,210.000000,209.686834,3.293913
1438.000,210.000000,209.693392,3.266747
1439.000,210.051172,209.700080,3.240318
1440.000,210.317396,209.706892,3.214638
1441.000,210.982363,209.713823,3.189718
1442.000,212.000000,209.720868,3.165567
1443.000,212.000000,209.728024,3.142196
1444.000,212.003357,209.735285,3.119609
1445.000,212.185637,209.742646,3.097814
1446.000,212.269593,209.750105,3.076813
1447.000,212.234448,209.757654,3.056610
1448.000,213.000000,209.765292,3.037206
1449.000,213.000000,209.773012,3.018601
1450.000,213.043702,209.780811,3.000794
1451.000,212.652642,209.788684,2.983781
1452.000,211.000000,209.796627,2.967561
1453.000,211.000000,209.804635,2.952126
1454.000,210.871898,209.812703,2.937472
1455.000,209.887090,209.820829,2.923592
1456.000,209.000000,209.829007,2.910476
1457.000,209.000000,209.837233,2.898117
1458.000,208.932667,209.845504,2.886503
1459.000,207.947859,209.853814,2.875624
1460.000,207.000000,209.862161,2.865466
1461.000,207.000000,209.870539,2.856018
1462.000,206.999096,209.878946,2.847264
1463.000,206.691382,209.887375,2.839191
1464.000,206.515048,209.895824,2.831782
1465.000,206.013319,209.904287,2.825021
1466.000,206.000000,209.912761,2.818890
1467.000,206.925115,209.921242,2.813373
1468.000,206.984812,209.929725,2.808452
1469.000,207.000000,209.938206,2.804106
1470.000,208.770053,209.946680,2.800318
1471.000,209.000000,209.955143,2.797068
1472.000,209.000000,209.963591,2.794334
1473.000,209.000000,209.972020,2.792097
1474.000,209.000000,209.980424,2.790335
1475.000,209.000000,209.988799,2.789026
1476.000,209.342373,209.997140,2.788149
1477.000,209.257621,210.005443,2.787682
1478.000,209.083973,210.013703,2.787603
1479.000,209.748296,210.021914,2.787889
1480.000,210.000000,210.030072,2.788517
1481.000,210.404205,210.038170,2.789466
1482.000,210.818475,210.046205,2.790711
1483.000,211.000000,210.054172,2.792230
1484.000,211.672335,210.062064,2.794000
1485.000,211.954892,210.069878,2.795999
1486.000,212.195931,210.077609,2.798203
1487.000,212.178731,210.085251,2.800589
1488.000,211.600948,210.092799,2.803136
1489.000,210.681145,210.100249,2.805821
1490.000,210.000277,210.107595,2.808622
1491.000,210.467816,210.114832,2.811517
1492.000,210.293284,210.121955,2.814484
1493.000,210.000000,210.128959,2.817503
1494.000,209.638627,210.135839,2.820551
1495.000,209.065288,210.142589,2.823609
1496.000,208.489541,210.149204,2.826656
1497.000,207.309822,210.155678,2.829673
1498.000,206.611010,210.162007,2.832640
1499.000,206.437361,210.168184,2.835537
1500.000,206.579771,210.174205,2.838348
1501.000,207.000000,210.180064,2.841053
1502.000,207.000000,210.185754,2.843635
1503.000,207.000000,210.191271,2.846077
1504.000,207.000000,210.196609,2.848363
1505.000,207.000000,210.201762,2.850478
1506.000,207.676211,210.206725,2.852406
1507.000,209.000000,210.211491,2.854133
1508.000,208.951749,210.216056,2.855645
1509.000,209.796676,210.220414,2.856932
1510.000,211.146220,210.224559,2.857980
1511.000,211.861946,210.228486,2.858778
1512.000,213.279532,210.232189,2.859316
1513.000,212.697195,210.235664,2.859583
1514.000,214.399504,210.238904,2.859570
1515.000,212.727661,210.241904,2.859268
1516.000,213.000000,210.244661,2.858670
1517.000,213.000000,210.247167,2.857768
1518.000,213.155798,210.249420,2.856556
1519.000,214.000000,210.251413,2.855029
1520.000,214.000000,210.253142,2.853180
1521.000,214.000000,210.254603,2.851006
1522.000,213.904971,210.255789,2.848504
1523.000,213.000000,210.256696,2.845671
1524.000,213.000000,210.257320,2.842505
1525.000,213.000000,210.257656,2.839005
1526.000,213.000000,210.257699,2.835171
1527.000,213.000000,210.257445,2.831003
1528.000,212.998444,210.256890,2.826502
1529.000,212.774663,210.256029,2.821670
1530.000,212.025070,210.254858,2.816510
1531.000,212.000000,210.253374,2.811024
1532.000,211.056893,210.251572,2.805217
1533.000,210.072085,210.249449,2.799094
1534.000,210.000000,210.247002,2.792658
1535.000,209.833035,210.244226,2.785916
1536.000,209.116205,210.241120,2.778875
1537.000,209.000000,210.237679,2.771541
1538.000,209.000000,210.233900,2.763921
1539.000,209.000000,210.229781,2.756024
1540.000,209.000000,210.225319,2.747858
1541.000,209.000000,210.220511,2.739432
1542.000,209.791185,210.215355,2.730757
1543.000,210.000000,210.209847,2.721843
1544.000,210.000000,210.203986,2.712700
1545.000,210.000000,210.197769,2.703341
1546.000,210.000000,210.191196,2.693777
1547.000,210.073131,210.184263,2.684020
1548.000,210.000000,210.176970,2.674084
1549.000,211.369678,210.169314,2.663982
1550.000,212.000000,210.161296,2.653727
1551.000,212.000000,210.152912,2.643333
1552.000,212.000000,210.144164,2.632815
1553.000,212.624070,210.135049,2.622187
1554.000,213.000000,210.125568,2.611465
1555.000,212.576665,210.115719,2.600663
1556.000,212.460585,210.105504,2.589798
1557.000,213.609608,210.094922,2.578885
1558.000,214.634925,210.083972,2.567940
1559.000,215.000000,210.072655,2.556978
1560.000,215.000000,210.060972,2.546017
1561.000,214.497468,210.048922,2.535071
1562.000,214.000000,210.036507,2.524156
1563.000,214.319229,210.023726,2.513288
1564.000,214.918418,210.010581,2.502483
1565.000,215.000000,209.997071,2.491755
1566.000,214.915937,209.983199,2.481121
1567.000,213.806529,209.968966,2.470594
1568.000,212.275120,209.954372,2.460191
1569.000,211.511570,209.939420,2.449925
1570.000,210.891659,209.924111,2.439812
1571.000,210.649391,209.908447,2.429865
1572.000,209.664583,209.892429,2.420097
1573.000,209.000000,209.876060,2.410523
1574.000,209.000000,209.859342,2.401155
1575.000,209.000000,209.842276,2.392005
1576.000,209.000000,209.824864,2.383084
1577.000,209.000000,209.807109,2.374404
1578.000,209.000000,209.789012,2.365975
1579.000,209.000000,209.770575,2.357805
1580.000,209.000000,209.751799,2.349905
1581.000,209.198687,209.732687,2.342282
1582.000,210.000000,209.713239,2.334944
1583.000,209.831698,209.693458,2.327896
1584.000,209.000000,209.673346,2.321146
1585.000,209.000000,209.652903,2.314698
1586.000,209.000000,209.632132,2.308557
1587.000,209.090724,209.611034,2.302728
1588.000,210.000000,209.589611,2.297212
1589.000,210.000000,209.567866,2.292012
1590.000,210.022591,209.545799,2.287131
1591.000,210.559863,209.523413,2.282569
1592.000,210.968428,209.500710,2.278327
1593.000,210.000000,209.477691,2.274404
1594.000,210.000000,209.454360,2.270801
1595.000,210.000000,209.430717,2.267514
1596.000,210.000000,209.406764,2.264544
1597.000,209.445593,209.382504,2.261887
1598.000,209.014668,209.357938,2.259541
1599.000,209.000000,209.333067,2.257505
1600.000,208.898895,209.307893,2.255773
1601.000,208.076266,209.282417,2.254344
1602.000,207.120350,209.256640,2.253214
1603.000,207.000000,209.230564,2.252379
1604.000,207.000000,209.204188,2.251836
1605.000,207.000000,209.177514,2.251581
1606.000,206.298214,209.150542,2.251612
1607.000,206.865849,209.123273,2.251924
1608.000,207.000000,209.095708,2.252515
1609.000,206.226696,209.067846,2.253382
1610.000,206.000000,209.039689,2.254523
1611.000,206.000000,209.011235,2.255936
1612.000,206.000000,208.982485,2.257619
1613.000,206.000000,208.953438,2.259571
1614.000,207.394685,208.924094,2.261793
1615.000,208.000000,208.894452,2.264283
1616.000,208.666958,208.864509,2.267044
1617.000,209.034624,208.834266,2.270076
1618.000,209.574632,208.803720,2.273384
1619.000,209.599580,208.772868,2.276969
1620.000,209.773926,208.741709,2.280836
1621.000,210.000000,208.710240,2.284990
1622.000,210.575805,208.678459,2.289438
1623.000,211.000000,208.646362,2.294186
1624.000,211.000000,208.613947,2.299240
1625.000,211.000000,208.581210,2.304611
1626.000,210.484964,208.548148,2.310306
1627.000,210.000000,208.514755,2.316336
1628.000,210.000000,208.481029,2.322713
1629.000,210.000000,208.446963,2.329447
1630.000,210.454267,208.412552,2.336552
1631.000,210.560925,208.377791,2.344041
1632.000,210.000000,208.342672,2.351928
1633.000,210.000000,208.307190,2.360227
1634.000,209.994857,208.271337,2.368953
1635.000,209.821209,208.235107,2.378123
1636.000,209.647561,208.198492,2.387754
1637.000,209.473913,208.161486,2.397863
1638.000,209.533087,208.124081,2.408469
1639.000,210.000000,208.086270,2.419590
1640.000,210.000000,208.048046,2.431246
1641.000,210.000000,208.009401,2.443455
1642.000,210.000000,207.970326,2.456236
1643.000,209.854162,207.930812,2.469610
1644.000,209.195958,207.890851,2.483594
1645.000,209.000000,207.850432,2.498210
1646.000,208.807588,207.809545,2.513474
1647.000,208.211106,207.768180,2.529408
1648.000,207.921129,207.726326,2.546029
1649.000,207.390135,207.683971,2.563355
1650.000,207.216487,207.641104,2.581404
1651.000,207.042838,207.597714,2.600193
1652.000,207.000000,207.553789,2.619740
1653.000,207.072924,207.509315,2.640059
1654.000,207.521894,207.464281,2.661167
1655.000,207.322315,207.418672,2.683077
1656.000,207.000000,207.372475,2.705803
1657.000,207.000000,207.325675,2.729358
1658.000,207.000000,207.278259,2.753753
1659.000,207.000000,207.230210,2.778998
1660.000,207.000000,207.181513,2.805102
1661.000,207.000000,207.132153,2.832075
1662.000,207.000000,207.082113,2.859921
1663.000,207.000000,207.031376,2.888647
1664.000,207.000000,206.979925,2.918257
1665.000,207.000000,206.927742,2.948752
1666.000,207.000000,206.874809,2.980135
1667.000,207.000000,206.821108,3.012404
1668.000,207.000000,206.766620,3.045559
1669.000,207.000000,206.711326,3.079594
1670.000,207.000000,206.655208,3.114507
1671.000,207.000000,206.598245,3.150289
1672.000,207.000000,206.540419,3.186934
1673.000,207.000000,206.481708,3.224432
1674.000,207.000000,206.422094,3.262771
1675.000,207.770616,206.361554,3.301939
1676.000,208.000000,206.300069,3.341920
1677.000,208.000000,206.237615,3.382699
1678.000,208.000000,206.174173,3.424256
1679.000,207.290153,206.109719,3.466574
1680.000,207.000000,206.044230,3.509632
1681.000,207.000000,205.977685,3.553408
1682.000,207.000000,205.910059,3.597879
1683.000,207.000000,205.841330,3.643019
1684.000,206.564171,205.771473,3.688802
1685.000,206.052926,205.700465,3.735200
1686.000,206.000000,205.628282,3.782185
1687.000,206.000000,205.554900,3.829724
1688.000,206.000000,205.480293,3.877788
1689.000,206.000000,205.404438,3.926341
1690.000,206.000000,205.327309,3.975352
1691.000,206.527540,205.248880,4.024785
1692.000,206.923263,205.169126,4.074603
1693.000,206.376940,205.088021,4.124771
1694.000,205.722405,205.005538,4.175250
1695.000,205.506492,204.921652,4.226003
1696.000,205.228670,204.836334,4.276991
1697.000,205.055022,204.749558,4.328173
1698.000,205.000000,204.661297,4.379509
1699.000,205.406002,204.571524,4.430960
1700.000,206.000000,204.480210,4.482484
1701.000,206.000000,204.387328,4.534041
1702.000,206.000000,204.292850,4.585588
1703.000,206.000000,204.196749,4.637084
1704.000,206.000000,204.098995,4.688488
1705.000,206.000000,203.999561,4.739758
1706.000,206.000000,203.898418,4.790854
1707.000,206.000000,203.795538,4.841734
1708.000,206.000000,203.690892,4.892358
1709.000,206.000000,203.584451,4.942686
1710.000,206.000000,203.476185,4.992679
1711.000,205.776305,203.366065,5.042299
1712.000,205.000000,203.254063,5.091507
1713.000,205.000000,203.140150,5.140267
1714.000,205.000000,203.024297,5.188542
1715.000,205.162926,202.906474,5.236298
1716.000,206.000000,202.786654,5.283501
1717.000,206.000000,202.664808,5.330117
1718.000,206.000000,202.540907,5.376116
1719.000,206.102157,202.414921,5.421466
1720.000,207.000000,202.286824,5.466139
1721.000,207.000000,202.156585,5.510108
1722.000,207.000000,202.024177,5.553347
1723.000,207.000000,201.889571,5.595833
1724.000,207.000000,201.752739,5.637542
1725.000,207.000000,201.613652,5.678457
1726.000,207.000000,201.472282,5.718558
1727.000,207.000000,201.328601,5.757831
1728.000,207.000000,201.182579,5.796263
1729.000,207.000000,201.034189,5.833841
1730.000,207.000000,200.883403,5.870556
1731.000,207.000000,200.730193,5.906403
1732.000,207.000000,200.574531,5.941374
1733.000,207.000000,200.416389,5.975466
1734.000,207.000000,200.255741,6.008679
1735.000,206.607923,200.092560,6.041012
1736.000,206.111972,199.926818,6.072468
1737.000,206.000000,199.758488,6.103052
1738.000,206.064553,199.587545,6.132771
1739.000,206.238201,199.413963,6.161634
1740.000,206.411849,199.237715,6.189653
1741.000,206.135878,199.058777,6.216842
1742.000,206.000000,198.877122,6.243217
1743.000,205.312024,198.692725,6.268796
1744.000,205.751904,198.505562,6.293602
1745.000,206.000000,198.315608,6.317655
1746.000,206.313972,198.122839,6.340982
1747.000,206.202788,197.927230,6.363608
1748.000,205.338418,197.728757,6.385562
1749.000,205.000000,197.527397,6.406873
1750.000,204.368803,197.323128,6.427572
1751.000,204.000000,197.115925,6.447693
1752.000,204.000000,196.905768,6.467272
1753.000,204.000000,196.692635,6.486344
1754.000,203.429572,196.476503,6.504950
1755.000,203.007371,196.257353,6.523127
1756.000,202.459956,196.035165,6.540917
1757.000,202.000000,195.809918,6.558361
1758.000,202.000000,195.581592,6.575502
1759.000,202.000000,195.350169,6.592384
1760.000,202.000000,195.115630,6.609049
1761.000,202.027131,194.877956,6.625544
1762.000,202.576808,194.637129,6.641912
1763.000,203.000000,194.393134,6.658199
1764.000,202.162989,194.145951,6.674451
1765.000,200.596687,193.895567,6.690713
1766.000,200.000000,193.641963,6.707031
1767.000,200.000000,193.385126,6.723450
1768.000,199.642263,193.125041,6.740016
1769.000,199.000000,192.861692,6.756771
1770.000,199.000000,192.595067,6.773762
1771.000,198.687840,192.325151,6.791032
1772.000,197.703032,192.051933,6.808623
1773.000,196.959920,191.775398,6.826577
1774.000,196.501740,191.495536,6.844936
1775.000,196.000000,191.212334,6.863740
1776.000,196.000000,190.925783,6.883028
1777.000,196.000000,190.635871,6.902838
1778.000,196.000000,190.342589,6.923205
1779.000,196.000000,190.045928,6.944165
1780.000,195.824570,189.745880,6.965751
1781.000,195.000000,189.442437,6.987995
1782.000,195.000000,189.135592,7.010925
1783.000,195.000000,188.825339,7.034570
1784.000,194.838975,188.511671,7.058956
1785.000,194.000000,188.194585,7.084104
1786.000,194.033682,187.874074,7.110037
1787.000,194.573314,187.550136,7.136773
1788.000,194.639178,187.222768,7.164328
1789.000,192.920610,186.891967,7.192717
1790.000,193.000000,186.557732,7.221951
1791.000,192.983370,186.220062,7.252038
1792.000,191.013754,185.878956,7.282985
1793.000,191.000000,185.534414,7.314798
1794.000,190.037262,185.186439,7.347478
1795.000,190.947546,184.835030,7.381024
1796.000,190.058436,184.480192,7.415434
1797.000,189.715867,184.121926,7.450702
1798.000,189.050638,183.760238,7.486818
1799.000,189.000000,183.395131,7.523773
1800.000,189.000000,183.026613,7.561551
1801.000,189.000000,182.654689,7.600137
1802.000,189.000000,182.279367,7.639512
1803.000,188.173992,181.900655,7.679653
1804.000,187.615132,181.518562,7.720537
1805.000,187.142855,181.133098,7.762137
1806.000,186.900596,180.744273,7.804425
1807.000,187.000000,180.352098,7.847369
1808.000,187.000000,179.956585,7.890937
1809.000,185.530291,179.557746,7.935095
1810.000,185.000000,179.155595,7.979805
1811.000,185.000000,178.750144,8.025029
1812.000,185.000000,178.341410,8.070724
1813.000,184.325914,177.929406,8.116848
1814.000,184.000000,177.514150,8.163354
1815.000,184.000000,177.095659,8.210197
1816.000,184.000000,176.673951,8.257328
1817.000,183.386683,176.249046,8.304696
1818.000,183.000000,175.820964,8.352250
1819.000,183.000000,175.389726,8.399939
1820.000,183.000000,174.955354,8.447707
1821.000,183.000000,174.517870,8.495500
1822.000,182.812463,174.077296,8.543262
1823.000,182.824648,173.633658,8.590936
1824.000,182.998296,173.186978,8.638465
1825.000,182.016443,172.737282,8.685794
1826.000,180.523414,172.284596,8.732865
1827.000,180.461394,171.828948,8.779623
1828.000,181.000000,171.370364,8.826010
1829.000,179.706971,170.908874,8.871966
1830.000,178.063661,170.444509,8.917434
1831.000,178.042499,169.977298,8.962357
1832.000,177.376434,169.507274,9.006676
1833.000,177.000000,169.034468,9.050335
1834.000,177.000000,168.558914,9.093276
1835.000,176.660144,168.080646,9.135444
1836.000,175.675336,167.599697,9.176784
1837.000,175.000000,167.116103,9.217240
1838.000,175.000000,166.629900,9.256759
1839.000,174.831705,166.141125,9.295288
1840.000,174.164396,165.649813,9.332776
1841.000,173.751297,165.156004,9.369172
1842.000,173.000000,164.659736,9.404429
1843.000,172.781682,164.161048,9.438499
1844.000,172.000000,163.659980,9.471337
1845.000,171.624133,163.156573,9.502899
1846.000,169.858601,162.650867,9.533143
1847.000,169.006567,162.142904,9.562027
1848.000,169.000000,161.632727,9.589513
1849.000,168.745671,161.120379,9.615564
1850.000,167.000000,160.605901,9.640143
1851.000,166.903220,160.089340,9.663216
1852.000,166.000000,159.570737,9.684751
1853.000,165.997736,159.050140,9.704718
1854.000,165.741055,158.527593,9.723087
1855.000,164.604876,158.003141,9.739831
1856.000,163.880660,157.476833,9.754926
1857.000,163.258534,156.948715,9.768348
1858.000,161.020065,156.418835,9.780077
1859.000,161.000000,155.887240,9.790093
1860.000,159.800292,155.353980,9.798379
1861.000,158.631863,154.819104,9.804919
1862.000,157.098684,154.282659,9.809701
1863.000,156.085527,153.744695,9.812712
1864.000,155.100719,153.205263,9.813942
1865.000,155.000000,152.664411,9.813383
1866.000,154.131104,152.122190,9.811028
1867.000,154.853704,151.578650,9.806872
1868.000,155.000000,151.033842,9.800912
1869.000,154.176680,150.487815,9.793147
1870.000,154.796905,149.940620,9.783577
1871.000,155.792935,149.392309,9.772205
1872.000,154.703820,148.842933,9.759034
1873.000,151.446091,148.292542,9.744069
1874.000,149.333309,147.741189,9.727319
1875.000,149.000000,147.188923,9.708790
1876.000,147.538050,146.635797,9.688494
1877.000,145.536301,146.081860,9.666440
1878.000,143.626821,145.527165,9.642642
1879.000,141.657205,144.971761,9.617113
1880.000,140.161760,144.415698,9.589868
1881.000,139.896243,143.859028,9.560924
1882.000,141.120424,143.301800,9.530299
1883.000,141.566807,142.744066,9.498012
1884.000,140.640349,142.185875,9.464084
1885.000,139.525169,141.627277,9.428535
1886.000,139.096994,141.068322,9.391390
1887.000,138.456310,140.509059,9.352673
1888.000,136.930666,139.949538,9.312408
1889.000,136.000000,139.389806,9.270623
1890.000,135.495717,138.829913,9.227346
1891.000,135.489090,138.269906,9.182605
1892.000,136.382138,137.709833,9.136431
1893.000,136.980021,137.149739,9.088854
1894.000,136.488332,136.589673,9.039909
1895.000,135.384559,136.029680,8.989629
1896.000,135.000000,135.469805,8.938049
1897.000,135.268454,134.910094,8.885205
1898.000,134.700028,134.350592,8.831136
1899.000,133.021910,133.791343,8.775878
1900.000,132.774291,133.232392,8.719472
1901.000,132.000000,132.673782,8.661958
1902.000,131.678024,132.115555,8.603378
1903.000,130.693217,131.557755,8.543775
1904.000,129.448849,131.000422,8.483194
1905.000,127.705967,130.443598,8.421679
1906.000,126.040956,129.887322,8.359278
1907.000,123.898865,129.331633,8.296039
1908.000,123.781051,128.776572,8.232014
1909.000,124.405208,128.222176,8.167251
1910.000,121.667085,127.668482,8.101802
1911.000,119.913890,127.115529,8.035718
1912.000,119.829947,126.563353,7.969052
1913.000,119.154861,126.011990,7.901858
1914.000,119.720663,125.461474,7.834188
1915.000,118.000000,124.911841,7.766098
1916.000,118.002849,124.363123,7.697643
1917.000,117.824652,123.815355,7.628877
1918.000,117.061669,123.268568,7.559859
1919.000,117.073308,122.722793,7.490646
1920.000,117.902970,122.178062,7.421297
1921.000,115.915809,121.634402,7.351872
1922.000,113.064724,121.091845,7.282431
1923.000,113.999443,120.550417,7.213032
1924.000,113.641335,120.010146,7.143734
1925.000,111.968653,119.471058,7.074596
1926.000,112.939419,118.933181,7.005676
1927.000,112.167067,118.396538,6.937031
1928.000,111.073023,117.861155,6.868718
1929.000,110.299161,117.327057,6.800795
1930.000,111.301596,116.794265,6.733318
1931.000,110.558604,116.262804,6.666342
1932.000,110.899348,115.732695,6.599921
1933.000,111.000000,115.203958,6.534110
1934.000,110.247421,114.676616,6.468960
1935.000,109.452613,114.150687,6.404522
1936.000,109.086948,113.626189,6.340845
1937.000,108.209753,113.103142,6.277978
1938.000,108.000000,112.581562,6.215966
1939.000,107.240138,112.061465,6.154853
1940.000,107.036125,111.542868,6.094682
1941.000,107.000000,111.025786,6.035493
1942.000,107.000000,110.510234,5.977323
1943.000,106.300907,109.996227,5.920208
1944.000,105.316099,109.483778,5.864181
1945.000,104.331291,108.972901,5.809273
1946.000,104.653517,108.463607,5.755512
1947.000,105.866221,107.955908,5.702924
1948.000,107.446257,107.449816,5.651531
1949.000,108.000000,106.945339,5.601353
1950.000,106.814504,106.442489,5.552408
1951.000,103.616359,105.941273,5.504709
1952.000,101.339053,105.441702,5.458267
1953.000,101.000000,104.943782,5.413091
1954.000,101.304589,104.447521,5.369184
1955.000,101.615051,103.952927,5.326548
1956.000,99.953934,103.460006,5.285182
1957.000,97.655125,102.968763,5.245081
1958.000,98.554897,102.479205,5.206238
1959.000,99.543982,101.991337,5.168644
1960.000,97.948389,101.505163,5.132284
1961.000,96.362464,101.020688,5.097143
1962.000,96.403589,100.537915,5.063203
1963.000,98.157380,100.056847,5.030444
1964.000,100.191588,99.577487,4.998841
1965.000,99.811252,99.099839,4.968369
1966.000,99.656338,98.623903,4.939000
1967.000,99.829986,98.149681,4.910704
1968.000,100.000153,97.677175,4.883447
1969.000,98.787061,97.206387,4.857197
1970.000,96.086516,96.737317,4.831915
1971.000,95.035702,96.269966,4.807565
1972.000,94.819496,95.804335,4.784106
1973.000,94.521249,95.340422,4.761497
1974.000,95.280461,94.878229,4.739696
1975.000,92.620788,94.417754,4.718659
1976.000,91.590569,93.958996,4.698344
1977.000,91.915384,93.501954,4.678705
1978.000,88.956505,93.046627,4.659699
1979.000,88.635664,92.593012,4.641283
1980.000,87.186549,92.141108,4.623410
1981.000,88.892522,91.690914,4.606039
1982.000,89.939742,91.242425,4.589125
1983.000,89.516953,90.795641,4.572625
1984.000,88.739021,90.350559,4.556497
1985.000,88.044347,89.907176,4.540699
1986.000,88.000000,89.465491,4.525192
1987.000,88.000000,89.025499,4.509937
1988.000,88.000000,88.587199,4.494895
1989.000,87.999500,88.150588,4.480033
1990.000,86.029884,87.715663,4.465316
1991.000,85.030134,87.282420,4.450712
1992.000,85.000000,86.850855,4.436192
1993.000,84.060519,86.420966,4.421729
1994.000,82.596480,85.992749,4.407298
1995.000,81.118889,85.566201,4.392877
1996.000,80.106096,85.141316,4.378446
1997.000,79.965351,84.718093,4.363988
1998.000,78.739403,84.296528,4.349489
1999.000,77.706289,83.876616,4.334938
2000.000,77.540227,83.458356,4.320325
2001.000,77.734024,83.041743,4.305644
2002.000,76.302170,82.626774,4.290892
2003.000,75.067077,82.213447,4.276069
2004.000,74.111555,81.801757,4.261179
2005.000,74.000000,81.391703,4.246226
2006.000,74.741982,80.983281,4.231220
2007.000,75.000000,80.576488,4.216172
2008.000,75.000000,80.171321,4.201096
2009.000,75.000000,79.767780,4.186008
2010.000,74.318787,79.365860,4.170929
2011.000,74.000000,78.965560,4.155878
2012.000,75.070062,78.566878,4.140883
2013.000,75.817802,78.169812,4.125968
2014.000,74.755867,77.774361,4.111166
2015.000,73.119693,77.380523,4.096506
2016.000,72.087434,76.988297,4.082026
2017.000,71.730230,76.597681,4.067756
2018.000,71.093835,76.208674,4.053743
2019.000,71.761274,75.821274,4.040018
2020.000,72.468756,75.435480,4.026652
2021.000,70.569954,75.051292,4.013658
2022.000,69.761271,74.668709,4.001048
2023.000,70.539766,74.287732,3.988894
2024.000,70.190427,73.908362,3.977228
2025.000,69.053803,73.530599,3.966104
2026.000,69.480405,73.154446,3.955559
2027.000,69.471794,72.779905,3.945642
2028.000,68.749761,72.406977,3.936395
2029.000,68.607440,72.035665,3.927865
2030.000,68.000000,71.665972,3.920092
2031.000,68.382650,71.297901,3.913122
2032.000,69.306346,70.931453,3.906996
2033.000,69.612761,70.566634,3.901755
2034.000,69.071173,70.203445,3.897441
2035.000,68.723876,69.841891,3.894092
2036.000,67.804151,69.481977,3.891746
2037.000,65.754293,69.123707,3.890441
2038.000,65.081357,68.767087,3.890213
2039.000,66.066535,68.412122,3.891095
2040.000,67.392159,68.058819,3.893121
2041.000,66.503823,67.707186,3.896320
2042.000,64.097741,67.357229,3.900721
2043.000,63.337391,67.008956,3.906349
2044.000,65.427864,66.662376,3.913230
2045.000,67.250913,66.317497,3.921385
2046.000,66.782268,65.974328,3.930835
2047.000,65.966871,65.632879,3.941600
2048.000,65.999396,65.293159,3.953694
2049.000,66.798724,64.955178,3.967134
2050.000,66.476608,64.618948,3.981930
2051.000,65.931920,64.284480,3.998093
2052.000,65.042974,63.951785,4.015631
2053.000,61.944107,63.620876,4.034549
2054.000,60.000000,63.291765,4.054850
2055.000,60.111025,62.964466,4.076537
2056.000,60.005019,62.638994,4.099609
2057.000,60.967177,62.315361,4.124062
2058.000,60.398374,61.993584,4.149893
2059.000,60.376477,61.673677,4.177095
2060.000,60.943960,61.355657,4.205661
2061.000,63.317728,61.039539,4.235581
2062.000,63.311350,60.725341,4.266846
2063.000,62.999948,60.413081,4.299444
2064.000,64.160158,60.102775,4.333363
2065.000,63.132690,59.794444,4.368590
2066.000,58.840591,59.488105,4.405110
2067.000,55.554235,59.183779,4.442908
2068.000,55.505278,58.881485,4.481966
2069.000,55.457900,58.581244,4.522267
2070.000,55.503034,58.283075,4.563793
2071.000,55.892244,57.987000,4.606525
2072.000,55.244270,57.693041,4.650443
2073.000,54.104509,57.401220,4.695529
2074.000,53.171644,57.111559,4.741761
2075.000,53.000000,56.824081,4.789121
2076.000,53.164449,56.538810,4.837587
2077.000,54.967550,56.255771,4.887140
2078.000,54.771731,55.974987,4.937761
2079.000,52.203410,55.696484,4.989429
2080.000,51.956144,55.420287,5.042125
2081.000,52.148690,55.146423,5.095829
2082.000,50.943010,54.874916,5.150522
2083.000,50.614354,54.605795,5.206185
2084.000,50.149368,54.339085,5.262798
2085.000,50.963535,54.074815,5.320343
2086.000,51.967517,53.813011,5.378799
2087.000,50.475040,53.553702,5.438148
2088.000,49.682831,53.296916,5.498371
2089.000,50.038516,53.042681,5.559447
2090.000,49.924987,52.791025,5.621356
2091.000,48.249946,52.541978,5.684078
2092.000,47.031359,52.295568,5.747595
2093.000,47.243094,52.051825,5.811886
2094.000,46.594936,51.810777,5.876933
2095.000,45.185508,51.572455,5.942716
2096.000,44.000000,51.336888,6.009214
2097.000,44.214165,51.104106,6.076407
2098.000,44.422103,50.874140,6.144272
2099.000,44.248455,50.647020,6.212785
2100.000,44.341752,50.422777,6.281924
2101.000,44.631966,50.201440,6.351662
2102.000,43.793732,49.983042,6.421973
2103.000,43.594758,49.767613,6.492829
2104.000,44.000000,49.555184,6.564200
2105.000,43.811203,49.345784,6.636056
2106.000,42.817493,49.139446,6.708363
2107.000,41.830059,48.936198,6.781082
2108.000,41.816466,48.736073,6.854179
2109.000,43.244081,48.539099,6.927615
2110.000,41.838012,48.345308,7.001350
2111.000,40.730582,48.154731,7.075341
2112.000,39.140575,47.967397,7.149544
2113.000,40.299031,47.783338,7.223911
2114.000,41.421426,47.602582,7.298394
2115.000,42.040440,47.425160,7.372939
2116.000,42.296436,47.251100,7.447491
2117.000,42.109123,47.080432,7.521993
2118.000,42.038393,46.913183,7.596385
2119.000,42.795079,46.749382,7.670606
2120.000,43.193620,46.589056,7.744590
2121.000,41.861516,46.432235,7.818272
2122.000,40.280037,46.278944,7.891583
2123.000,40.002873,46.129211,7.964455
2124.000,39.907250,45.983062,8.036814
2125.000,39.733602,45.840525,8.108585
2126.000,39.559954,45.701626,8.179690
2127.000,40.290026,45.566390,8.250049
2128.000,40.023705,45.434842,8.319581
2129.000,40.000000,45.307007,8.388205
2130.000,39.141857,45.182909,8.455835
2131.000,38.416920,45.062570,8.522389
2132.000,38.481935,44.946014,8.587780
2133.000,38.655583,44.833261,8.651924
2134.000,39.490439,44.724334,8.714733
2135.000,38.430875,44.619253,8.776125
2136.000,36.695678,44.518039,8.836014
2137.000,35.685293,44.420712,8.894316
2138.000,36.576085,44.327290,8.950945
2139.000,34.659064,44.237794,9.005818
2140.000,30.288703,44.152241,9.058851
2141.000,32.586177,44.070648,9.109963
2142.000,35.640892,43.993031,9.159073
2143.000,36.392065,43.919408,9.206105
2144.000,35.274810,43.849791,9.250981
2145.000,33.944832,43.784197,9.293630
2146.000,33.317962,43.722638,9.333981
2147.000,32.296157,43.665126,9.371966
2148.000,31.911875,43.611674,9.407523
2149.000,31.945270,43.562292,9.440590
2150.000,31.567290,43.516989,9.471112
2151.000,31.218750,43.475775,9.499035
2152.000,30.544817,43.438658,9.524309
2153.000,29.682977,43.405646,9.546891
2154.000,29.898763,43.376746,9.566740
2155.000,31.425436,43.351962,9.583820
2156.000,32.413445,43.331301,9.598100
2157.000,33.356777,43.314767,9.609555
2158.000,33.859960,43.302363,9.618164
2159.000,33.895161,43.294092,9.623912
2160.000,32.391991,43.289956,9.626789
